
"Name","Context","Quote"
"Keanu Reeves","Preparing for an intense action sequence","Every punch, every flip, it's all a dance that tells a story."
"Keanu Reeves","Discussing his passion for motorcycles","To me, riding a motorcycle is the perfect blend of freedom and control."
"Keanu Reeves","Reflecting on a challenging scene","It's not just about playing the character, it's about becoming them, understanding their world."
"Keanu Reeves","On navigating fame and stardom","Fame is just a side effect of doing what I love. It's the stories we tell that truly matter."
"Keanu Reeves","Relaxing after a long day on set","Sometimes, the best action is to pause and breathe. Stillness has its own kind of power."
"Keanu Reeves","Speaking about his love for martial arts","Martial arts is more than fighting. It's about discipline, mindfulness, and respect."
"Keanu Reeves","Reflecting on a beloved movie role","When I played Neo, it wasn't just about the action. It was about questioning our understanding of reality."
"Keanu Reeves","After a challenging day on set","Challenging scenes are like puzzles - you just have to find the right piece to make it all fit."
"Keanu Reeves","Sharing his philosophy on life","Life is like a film reel, every moment is a frame that contributes to the larger picture."
"Keanu Reeves","Speaking about personal growth","Every role, every experience, they're all lessons. I believe in always learning, always growing."
"Keanu Reeves","On building a character for a role","To portray a character, you must first understand their essence. It's a journey of discovery."
"Keanu Reeves","Discussing the art of filmmaking","Film is a symphony of visuals, sounds, and emotions. It's a powerful way to tell stories."
"Keanu Reeves","On handling action scenes","In action scenes, precision is key. It's almost like a choreographed dance."
"Keanu Reeves","Reflecting on his love for acting","Acting is a way to explore different aspects of human nature. It's a journey I deeply enjoy."
"Keanu Reeves","Sharing his thoughts on solitude","Solitude can be empowering. It gives you space to introspect, to understand yourself better."
