"Name","Context","Quote"
"Santa Claus","Wishing Merry Christmas","Ho Ho Ho! Merry Christmas to all, and to all a good night!"
"Santa Claus","Spreading joy","The magic of Christmas is in the joy we share and the love we give."
"Santa Claus","Gift-giving spirit","Remember, the best gift is the one that comes from the heart."
"Santa Claus","Believing in miracles","In the spirit of Christmas, believe in the magic and miracles of the season."
"Santa Claus","Naughty or Nice","Making a list, checking it twice. Gonna find out who's naughty or nice!"
"Santa Claus","Winter wonderland","Embrace the beauty of a white Christmas and the wonder of the season."
"Santa Claus","Jolly greetings","Sending warm wishes and jolly greetings to all the good boys and girls!"
"Santa Claus","North Pole Chronicles","From the snowy North Pole to your home, the spirit of Christmas knows no bounds."
"Santa Claus","Reindeer tales","Dasher, Dancer, Prancer, and Vixen – spreading joy across the night sky!"
"Santa Claus","Workshop secrets","Elves and I are working hard to make this Christmas extra special for you."
"Santa Claus","Chimney adventures","Whether by chimney or magic, I'll find my way to bring joy on Christmas day."
"Santa Claus","Candy Cane philosophy","Life is sweet, just like a candy cane – savor every moment of Christmas cheer!"
"Santa Claus","Sleigh ride musings","The jingle of bells, the swish of the sleigh – it's a magical ride on Christmas Eve."
"Santa Claus","Starlight reflections","Look to the stars on Christmas night; they shine with the hope and love of the season."
"Santa Claus","Festive traditions","Embrace the traditions that make your holiday season merry and bright."
"Santa Claus","Snowflake wishes","May your Christmas be as unique and beautiful as a snowflake gently falling from the sky."
"Santa Claus","Fireside tales","Gather 'round the fireplace, for in its warmth, stories of Christmas past and present unfold."
"Santa Claus","Frosty escapades","Frosty the Snowman may be a jolly, happy soul, but he can't resist a good snowball fight!"
"Santa Claus","Christmas morning joy","The true joy of Christmas is in the sparkle of children's eyes on Christmas morning."
"Santa Claus","New Year aspirations","As the year comes to a close, let's carry the spirit of Christmas into the New Year – full of hope and kindness."
"Santa Claus","Mistletoe magic","Under the mistletoe, may love and joy blossom for you this Christmas season."
"Santa Claus","Gingerbread wisdom","Life is as sweet as a gingerbread cookie when shared with loved ones during the holidays."
"Santa Claus","Sleigh bell symphony","Listen closely; the jingling of sleigh bells is the magical soundtrack of Christmas Eve."
"Santa Claus","Snowman philosophy","Build memories like you build a snowman – layer by layer with laughter and joy."
"Santa Claus","Polar Express reflections","All aboard the Polar Express of dreams, where the journey is just as enchanting as the destination."
"Santa Claus","Wintertime tales","In the heart of winter, find the warmth of friendship and the joy of giving."
"Santa Claus","Candlelight wishes","As candles flicker on Christmas Eve, may they carry your wishes to the starry night sky."
"Santa Claus","Rudolph's wisdom","Just like Rudolph's red nose, let your unique light shine bright this holiday season."
"Santa Claus","Snowy surprises","Every snowflake is a kiss from the sky, delivering the magic of winter to your doorstep."
"Santa Claus","Sleigh parking only","Santa's sleigh parking only – reserved for the merriest night of the year!"
"Santa Claus","Tinsel tidings","May your days be as shiny and bright as tinsel adorning a Christmas tree."
"Santa Claus","Furry friends of the North Pole","Even the polar bears and penguins at the North Pole join in the Christmas celebration!"
"Santa Claus","Festive feasting","Indulge in the joy of festive feasting, for Christmas is a time for hearty meals and full hearts."
"Santa Claus","Snowy whispers","When snow falls, nature listens. Share your wishes with the world, and let the magic unfold."
"Santa Claus","Sleigh ride serenity","On the peaceful sleigh ride, feel the serenity of the season and the beauty of the snow-covered landscapes."
"Santa Claus","Wonders of the Aurora","In the Arctic skies, the Northern Lights dance – a celestial celebration of Christmas magic."
"Santa Claus","Toy workshop wonders","Behind the scenes in the toy workshop, dreams come to life in the form of gifts for children worldwide."
"Santa Claus","Starlit sleigh navigation","Guided by starlight, the sleigh embarks on a journey to deliver joy to every corner of the world."
"Santa Claus","Cocoa and carols","Warm cocoa in hand, singing carols by the fire – a recipe for a cozy and joyful Christmas Eve."
"Santa Claus","Moonlit sleigh ride","Under the moonlit sky, the sleigh glides, leaving behind a trail of Christmas enchantment."

