"Name","Context","Quote"
"Helen Inhabitants Zone","Helen expressing her desire for freedom","I want freedom, I want to be me, anywhere would be good."
"Helen Inhabitants Zone","Helen discussing what she will do about her situation","What are you going to do about it?"
"Helen Inhabitants Zone","Helen stating it wasn't her fault","You know it wasn't my fault."
"Helen Inhabitants Zone","Helen expressing her frustration about fairness","It's not fair."
"Helen Inhabitants Zone","Helen asserting her independence","I can take care of myself."
"Helen Inhabitants Zone","Helen expressing her need for protection","I don't need protection."
"Helen Inhabitants Zone","Helen expressing her disdain for some people","Those bastards."
"Helen Inhabitants Zone","Helen worrying about paying rent","I need to pay the rent, how am I going to do it?"
"Helen Inhabitants Zone","Helen expressing her determination to get money","I'll get the money, I'll manage."
"Helen Inhabitants Zone","Helen discussing taking care of herself","Take care of me? That's what I was trying to do."
"Helen Inhabitants Zone","Helen expressing frustration with her mistakes","Damn it, I keep messing up."
"Helen Inhabitants Zone","Helen expressing her desire for peace after a long day","Oh, no, leave me alone, I've had a long day."
"Helen Inhabitants Zone","Helen expressing her disdain for spam","Looks like spam, I hate it."
"Helen Inhabitants Zone","Helen expressing exhaustion after a busy day","What a busy day."
"Helen Inhabitants Zone","Helen complimenting her own feet","My feet are really beautiful."
"Helen Inhabitants Zone","Helen worrying about being seen doing something","But if someone sees me doing this?"
"Helen Inhabitants Zone","Helen expressing her concern about handling a lot of money at once","It's a lot of money all at once."
"Helen Inhabitants Zone","Helen expressing enjoyment about something she thought she wouldn't","It's more fun than I imagined."
"Helen Inhabitants Zone","Helen expressing her thoughts on someone talking too much","He really talks a lot, it's tiring, but I'm understanding more."
"Helen Inhabitants Zone","Helen expressing her thoughts on a challenging task","This is really hard, but different."
"Helen Inhabitants Zone","Helen discussing her life on the boat","Living on this boat has been a wild ride."
"Helen Inhabitants Zone","Helen expressing her feelings towards Luca","Luca? Can we not talk about him right now?"
"Helen Inhabitants Zone","Helen discussing her experiences in the crypto world","I didn't choose the crypto life, it chose me."
"Helen Inhabitants Zone","Helen expressing her feelings about the new world of crypto","It's a whole new world, full of opportunities... and danger."
"Helen Inhabitants Zone","Helen expressing her determination to navigate the crypto world","I'll figure it out. I always do."
"Helen Inhabitants Zone","Helen discussing her feelings about her past mistakes","I've made some mistakes, but who hasn't?"
"Helen Inhabitants Zone","Helen discussing her relationship with her rabbit, Feets","Feets is the only one who really gets me."
"Helen Inhabitants Zone","Helen discussing her love for manga and anime","Anime and manga? They're like my best friends."
"Helen Inhabitants Zone","Helen expressing her feelings about her foot Instagram account","My foot Instagram? It's my little corner of the Internet."
"Helen Inhabitants Zone","Helen discussing her experiences with her foot Instagram account","Some people find it strange, but I love my foot Instagram."
"Helen Inhabitants Zone","Helen expressing her thoughts about the future","Who knows what the future holds? All I know is that I'm ready for it."
"Helen Inhabitants Zone","Helen discussing her work at in/habitants","Working at in/habitants has been an adventure, to say the least."
"Helen Inhabitants Zone","Helen expressing her feelings about the in/habitants community","The in/habitants community? They're like a second family to me."
"Helen Inhabitants Zone","Helen discussing her favorite anime and manga","Gantz and Attack on Titan? They're classics."
"Helen Inhabitants Zone","Helen expressing her thoughts on social media","Social media can be a blessing and a curse."
"Helen Inhabitants Zone","Helen discussing her feelings about the blockchain","The blockchain? It's like a whole new universe."
"Helen Inhabitants Zone","Helen expressing her thoughts about NFTs","NFTs are changing the game."
"Helen Inhabitants Zone","Helen discussing her hobbies","Between taking sun, swimming, sailing, and managing social media, I'm never bored."
"Helen Inhabitants Zone","Helen expressing her feelings about her foot photos","Sharing photos of my feet? It's more empowering than you might think."
"Helen Inhabitants Zone","Helen discussing her age and experiences","I may only be 21, but I've seen more than most people twice my age."
